학교명,지원학과
강일고등학교,실용무용
강일고등학교,실용무용
경성고등학교,실용음악-미디작곡
경인고등학교,외식조리
경인고등학교,카페디저트
경인고등학교,연기예술
경인고등학교,실용무용
고척고등학교,외식조리
고척고등학교,외식조리
관악고등학교,카페디저트
관악고등학교,카페디저트
관악고등학교,연기예술
관악고등학교,연기예술
관악고등학교,연기예술
관악고등학교,실용무용
관악고등학교,실용무용
광신고등학교,퍼스널트레이너
광양고등학교,카페디저트
구로고등학교,퍼스널트레이너
구로고등학교,퍼스널트레이너
구로고등학교,퍼스널트레이너
구로고등학교,외식조리
구로고등학교,외식조리
구로고등학교,제과제빵
구로고등학교,카페디저트
구로고등학교,연기예술
구로고등학교,연기예술
구로고등학교,연기예술
구로고등학교,실용무용
구로고등학교,실용음악-보컬(싱어송라이터)
구로고등학교,실용음악-미디작곡
구암고등학교,실용음악-미디작곡
구일고등학교,퍼스널트레이너
구일고등학교,외식조리
구일고등학교,제과제빵
구일고등학교,제과제빵
구일고등학교,실용무용
구일고등학교,실용무용
구일고등학교,실용음악-보컬(싱어송라이터)
구현고등학교,제과제빵
금천고등학교,퍼스널트레이너
금천고등학교,외식조리
금천고등학교,외식조리
금천고등학교,외식조리
금천고등학교,제과제빵
금천고등학교,제과제빵
금천고등학교,카페디저트
금천고등학교,카페디저트
금천고등학교,카페디저트
금천고등학교,연기예술
금천고등학교,연기예술
금천고등학교,연기예술
금천고등학교,연기예술
남강고등학교,카페디저트
남강고등학교,연기예술
남강고등학교,연기예술
남강고등학교,실용음악-보컬(싱어송라이터)
당곡고등학교,퍼스널트레이너
당곡고등학교,카페디저트
대영고등학교,퍼스널트레이너
대영고등학교,제과제빵
독산고등학교,퍼스널트레이너
독산고등학교,퍼스널트레이너
독산고등학교,퍼스널트레이너
독산고등학교,외식조리
독산고등학교,외식조리
독산고등학교,외식조리
독산고등학교,외식조리
독산고등학교,제과제빵
독산고등학교,카페디저트
독산고등학교,카페디저트
독산고등학교,카페디저트
동일여자고등학교,실용음악-기악(건반)
등촌고등학교,외식조리
문일고등학교,제과제빵
문일고등학교,카페디저트
문정고등학교,실용무용
반포고등학교,퍼스널트레이너
배화여자고등학교,실용무용
백암고등학교,카페디저트
백암고등학교,실용음악-미디작곡
선사고등학교,실용무용
선유고등학교,실용무용
선유고등학교,실용무용
성보고등학교,퍼스널트레이너
성보고등학교,퍼스널트레이너
성보고등학교,퍼스널트레이너
성보고등학교,외식조리
세현고등학교,실용무용
수도여자고등학교,카페디저트
수도여자고등학교,카페디저트
수명고등학교,실용무용
수명고등학교,실용무용
숭의여자고등학교,카페디저트
신서고등학교,퍼스널트레이너
신서고등학교,퍼스널트레이너
신서고등학교,외식조리
신서고등학교,실용음악-미디작곡
압구정고등학교,퍼스널트레이너
압구정고등학교,실용음악-기악(기타)
양재고등학교,퍼스널트레이너
여의도고등학교,제과제빵
여의도여자고등학교,실용음악-보컬(싱어송라이터)
영등포고등학교,퍼스널트레이너
영등포여자고등학교,제과제빵
영등포여자고등학교,카페디저트
영등포여자고등학교,카페디저트
영신고등학교,외식조리
우신고등학교,외식조리
우신고등학교,카페디저트
우신고등학교,실용무용
우신고등학교,실용음악-보컬(싱어송라이터)
인헌고등학교,제과제빵
인헌고등학교,제과제빵
인헌고등학교,카페디저트
인헌고등학교,카페디저트
인헌고등학교,실용음악-보컬(싱어송라이터)
재현고등학교,실용음악-보컬(싱어송라이터)
진선여자고등학교,실용무용
홍익대학교사범대학부속여자고등학교,실용음악-보컬(싱어송라이터)
